{
    "allure": {
      "directory": "allure-results",
      "links": [
        "{link}",
        "{tms}",
        "{issue}"
      ]
    },
    "specflow": {
      "stepArguments": {
        "convertToParameters": "true",
        "paramNameRegex": "^a.*",
        "paramValueRegex": "^v.*"
      },
      "grouping": {
        "suites": {
          "parentSuite": "^parentSuite:?(.+)",
          "suite": "^suite:?(.+)",
          "subSuite": "^subSuite:?(.+)"
        },
        "behaviors": {
          "epic": "^epic:?(.+)",
          "story": "^story:(.+)"
        }
      },
      "labels": {
        "owner": "^author:?(.+)",
        "severity": "^(normal|blocker|critical|minor|trivial)"
      },
      "links": {
        "tms": "^story:(.+)",
        "issue": "^issue:(.+)",
        "link": "^link:(.+)"
      }
    }
  }