lnp.driver1@vdfin.be,Mama123!
lnp.driver2@vdfin.be,Mama123!
lnp.driver3@vdfin.be,Mama123!
lnp.driver4@vdfin.be,Mama123!
lnp.driver5@vdfin.be,Mama123!
lnp.driver6@vdfin.be,Mama123!
lnp.driver7@vdfin.be,Mama123!
lnp.driver8@vdfin.be,Mama123!
lnp.driver9@vdfin.be,Mama123!
lnp.driver10@vdfin.be,Mama123!
lnp.driver11@vdfin.be,Mama123!
lnp.driver12@vdfin.be,Mama123!
lnp.driver13@vdfin.be,Mama123!
lnp.driver14@vdfin.be,Mama123!
lnp.driver15@vdfin.be,Mama123!
lnp.driver16@vdfin.be,Mama123!
lnp.driver17@vdfin.be,Mama123!
lnp.driver18@vdfin.be,Mama123!
lnp.driver19@vdfin.be,Mama123!
lnp.driver20@vdfin.be,Mama123!
lnp.driver21@vdfin.be,Mama123!
lnp.driver22@vdfin.be,Mama123!
lnp.driver23@vdfin.be,Mama123!
lnp.driver24@vdfin.be,Mama123!
lnp.driver25@vdfin.be,Mama123!
lnp.driver26@vdfin.be,Mama123!
lnp.driver27@vdfin.be,Mama123!
lnp.driver28@vdfin.be,Mama123!
lnp.driver29@vdfin.be,Mama123!
lnp.driver30@vdfin.be,Mama123!
lnp.driver31@vdfin.be,Mama123!
lnp.driver32@vdfin.be,Mama123!
lnp.driver33@vdfin.be,Mama123!
lnp.driver34@vdfin.be,Mama123!
lnp.driver35@vdfin.be,Mama123!
lnp.driver36@vdfin.be,Mama123!
lnp.driver37@vdfin.be,Mama123!
lnp.driver38@vdfin.be,Mama123!
lnp.driver39@vdfin.be,Mama123!
lnp.driver40@vdfin.be,Mama123!
lnp.driver41@vdfin.be,Mama123!
lnp.driver42@vdfin.be,Mama123!
lnp.driver43@vdfin.be,Mama123!
lnp.driver44@vdfin.be,Mama123!
lnp.driver45@vdfin.be,Mama123!
lnp.driver46@vdfin.be,Mama123!
lnp.driver47@vdfin.be,Mama123!
lnp.driver48@vdfin.be,Mama123!
lnp.driver49@vdfin.be,Mama123!
lnp.driver50@vdfin.be,Mama123!
