{
    "be-ria": {
        "url": "https://milesria.cons.be.miles.fs01.vwf.vwfs-ad/milesria",
        "username": "TST_contract superv",
        "password": "Florida123!"
    },

    "be-ria-staff": {
        "url": "https://milesria.cons.be.miles.fs01.vwf.vwfs-ad/milesria",
        "username": "TST_StaffMobAdv",
        "password": "Florida123!"
    },
    "be-web-fm": {
        "url": "https://be-cons.miles.vwfs.com/app/vwbe/fleet-manager/",
        "username": "Lnp.fleetmanager@vdfin.be",
        "password": "Mama123!"
    },
    "be-web-driver": {
        "url": "https://be-cons.miles.vwfs.com/app/vwbe/driver/",
        "username": "lnp.driver1@vdfin.be",
        "password": "Mama123!"
    }
}